run,iteration.duration,iteration.duration_s,iteration.no,row.no,row.num_cycle,row.n_population,row.n_selection,row.n_offspring,row.n_mutated,row.n_survivors,row.mutsum.DELETE,row.mutsum.INSERT,row.mutsum.CHANGE,row.mutsum.TRANSP,row.mutsum.NONE,row.avg_zeros,row.avg_survivors_fitness,row.median_survivors_fitness,row.max_survivors_fitness,row.min_survivors_fitness
1,0:00:08.426921,8.426921129226685,1,1,0,100,25,200,200,25,3,67,52,56,22,0.38222222222222224,1.8345007704798326,1.8120547198597436,2.3658149478318724,1.7645862313046652
1,0:00:08.426921,8.426921129226685,1,2,1,25,25,200,200,25,0,54,65,63,18,0.5422222222222223,1.9553350418707283,1.8978817888774013,2.491967285485935,1.8656387642232444
1,0:00:07.326974,7.3269736766815186,2,1,0,100,25,200,200,25,2,59,52,67,20,0.2622222222222222,1.8020015239371165,1.7804263611401852,2.0754573095825695,1.7457844899548023
1,0:00:07.326974,7.3269736766815186,2,2,1,25,25,200,200,25,1,48,75,61,15,0.30666666666666664,1.8341301764747764,1.8207907925953206,2.0754573095825695,1.804041826356496
1,0:00:07.309913,7.309912919998169,3,1,0,100,25,200,200,25,2,64,71,42,21,0.25185185185185177,1.7527078958599709,1.7290113416271988,1.8991428248271192,1.7040882174555632
1,0:00:07.309913,7.309912919998169,3,2,1,25,25,200,200,25,3,54,66,58,19,0.44592592592592595,1.8103573417943928,1.8054040144284667,1.8991428248271192,1.7531818917235986
