run,iteration.duration,iteration.duration_s,iteration.no,row.no,row.num_cycle,row.n_population,row.n_selection,row.n_offspring,row.n_mutated,row.n_survivors,row.mutsum.DELETE,row.mutsum.INSERT,row.mutsum.CHANGE,row.mutsum.TRANSP,row.mutsum.NONE,row.avg_zeros,row.avg_survivors_fitness,row.median_survivors_fitness,row.max_survivors_fitness,row.min_survivors_fitness
1,0:03:49.579610,229.5796103477478,1,1,0,100,25,200,200,25,3,67,52,56,22,0.30222222222222217,1.7360452424638266,1.7314564392831706,1.8279532047260134,1.6930574566383383
1,0:03:49.579610,229.5796103477478,1,2,1,25,25,200,200,25,0,54,65,63,18,0.27999999999999997,1.7844478627069367,1.7811977972508244,1.8279532047260134,1.7716598162055601
1,0:00:35.023031,35.02303123474121,2,1,0,100,25,200,200,25,2,59,52,67,20,0.24444444444444438,1.7182918503792188,1.7039738066239174,1.795834879433162,1.6774900009729086
1,0:00:35.023031,35.02303123474121,2,2,1,25,25,200,200,25,1,48,75,61,15,0.42962962962962964,1.7399418638516375,1.7351327596663553,1.795834879433162,1.7141103785678293
1,0:00:07.260504,7.260503530502319,3,1,0,100,25,200,200,25,2,64,71,42,21,0.27555555555555555,1.7076006631299105,1.6897354040184622,1.8145499888441798,1.6594966115480463
1,0:00:07.260504,7.260503530502319,3,2,1,25,25,200,200,25,3,54,66,58,19,0.4385185185185185,1.7393881936811233,1.7366564333387036,1.8145499888441798,1.6947932384550959
