run,iteration.duration,iteration.duration_s,iteration.no,row.no,row.num_cycle,row.n_population,row.n_selection,row.n_offspring,row.n_mutated,row.n_survivors,row.mutsum.DELETE,row.mutsum.INSERT,row.mutsum.CHANGE,row.mutsum.TRANSP,row.mutsum.NONE,row.avg_zeros,row.avg_survivors_fitness,row.median_survivors_fitness,row.max_survivors_fitness,row.min_survivors_fitness
1,0:00:45.338678,45.33867835998535,1,1,0,100,25,200,200,189,1,57,59,64,19,0.13737017440721144,1.439328862467502,1.4456308623383216,2.6103061365739277,0.90786924796892
1,0:00:45.338678,45.33867835998535,1,2,1,189,25,200,200,288,4,57,60,55,24,0.12654320987654322,1.4067545033168243,1.407246818767271,2.6103061365739277,0.90786924796892
1,0:00:17.624465,17.624464511871338,2,1,0,100,25,200,200,207,2,51,63,59,25,0.1615673644659152,1.3940313987316246,1.3691319159961584,1.8993249671214218,0.8209536039709895
1,0:00:17.624465,17.624464511871338,2,2,1,207,25,200,200,314,3,53,54,74,16,0.16878980891719744,1.4026064539121406,1.4060891458593598,1.8993249671214218,0.8209536039709895
1,0:00:18.541727,18.54172706604004,3,1,0,100,25,200,200,201,1,68,51,63,17,0.15754560530679934,1.4592521435370747,1.5248833736610325,1.8943417931570128,0.907726765117089
1,0:00:18.541727,18.54172706604004,3,2,1,201,25,200,200,310,3,69,54,57,17,0.16702508960573476,1.4623933639802487,1.5177312957907203,1.8943417931570128,0.907726765117089
