{
    "class_name": "OutcomeBPIC12Reader75",
    "num_cases": 4461,
    "min_seq_len": 15,
    "max_seq_len": 75,
    "ratio_distinct_traces": 0.00022416498542927594,
    "num_distinct_events": 36,
    "num_data_columns": 25,
    "num_event_features": 23,
    "length_distribution": {
        "26": 213,
        "39": 104,
        "59": 30,
        "24": 214,
        "35": 126,
        "55": 41,
        "48": 73,
        "19": 20,
        "38": 131,
        "28": 203,
        "36": 114,
        "20": 125,
        "41": 92,
        "29": 103,
        "30": 173,
        "21": 36,
        "61": 31,
        "27": 104,
        "46": 83,
        "18": 89,
        "25": 97,
        "40": 103,
        "32": 159,
        "22": 178,
        "64": 29,
        "60": 43,
        "50": 77,
        "42": 105,
        "31": 146,
        "47": 64,
        "52": 46,
        "43": 81,
        "72": 15,
        "68": 18,
        "16": 52,
        "34": 148,
        "37": 105,
        "53": 40,
        "70": 24,
        "69": 25,
        "45": 79,
        "51": 50,
        "49": 63,
        "73": 12,
        "75": 12,
        "74": 18,
        "23": 51,
        "56": 47,
        "33": 127,
        "57": 45,
        "44": 86,
        "66": 24,
        "71": 16,
        "58": 36,
        "62": 25,
        "67": 15,
        "54": 58,
        "65": 12,
        "17": 3,
        "63": 21,
        "15": 1
    },
    "outcome_distribution": {
        "deviant": 2082,
        "regular": 2379
    },
    "time": {
        "time_unit": "seconds",
        "preprocess": "0:00:01.451540",
        "register_vocabulary": "0:00:00.015052",
        "group_rows_into_traces": "0:00:00.758787",
        "gather_information_about_traces": "0:00:00.087000",
        "instantiate_dataset": "0:00:00.825915",
        "init_meta": "0:00:03.500257"
    },
    "starting_column_stats": {
        "case:concept:name": {
            "name": "case:concept:name",
            "diversity": 0.026925398358281023,
            "dtype": "int64",
            "missing_ratio": 0.0,
            "intracase_similarity": 1.0,
            "_num_unique": 4461,
            "is_numeric": true,
            "is_binary": false,
            "is_categorical": false,
            "is_timestamp": false,
            "is_singular": false,
            "is_col_case_id": true,
            "is_col_timestamp": false,
            "is_col_outcome": false,
            "is_col_activity_id": false,
            "is_important": true,
            "_num_rows": 165680,
            "_num_traces": 4461,
            "uselessness": {
                "is_singular": false,
                "is_not_diverse_enough": false,
                "is_unique_to_case": true,
                "is_missing_too_many": false
            },
            "is_useless": false
        },
        "AMOUNT_REQ": {
            "name": "AMOUNT_REQ",
            "diversity": 0.0017805408015451473,
            "dtype": "int64",
            "missing_ratio": 0.0,
            "intracase_similarity": 0.06612867070163642,
            "_num_unique": 295,
            "is_numeric": true,
            "is_binary": false,
            "is_categorical": false,
            "is_timestamp": false,
            "is_singular": false,
            "is_col_case_id": false,
            "is_col_timestamp": false,
            "is_col_outcome": false,
            "is_col_activity_id": false,
            "is_important": false,
            "_num_rows": 165680,
            "_num_traces": 4461,
            "uselessness": {
                "is_singular": false,
                "is_not_diverse_enough": false,
                "is_unique_to_case": false,
                "is_missing_too_many": false
            },
            "is_useless": false
        },
        "concept:name": {
            "name": "concept:name",
            "diversity": 0.0002172863351038146,
            "dtype": "object",
            "missing_ratio": 0.0,
            "intracase_similarity": 0.00806993947545398,
            "_num_unique": 36,
            "is_numeric": false,
            "is_binary": false,
            "is_categorical": true,
            "is_timestamp": false,
            "is_singular": false,
            "is_col_case_id": false,
            "is_col_timestamp": false,
            "is_col_outcome": false,
            "is_col_activity_id": true,
            "is_important": true,
            "_num_rows": 165680,
            "_num_traces": 4461,
            "uselessness": {
                "is_singular": false,
                "is_not_diverse_enough": false,
                "is_unique_to_case": false,
                "is_missing_too_many": false
            },
            "is_useless": false
        },
        "Resource": {
            "name": "Resource",
            "diversity": 0.0003802510864316755,
            "dtype": "object",
            "missing_ratio": 0.0,
            "intracase_similarity": 0.01412239408204441,
            "_num_unique": 63,
            "is_numeric": false,
            "is_binary": false,
            "is_categorical": true,
            "is_timestamp": false,
            "is_singular": false,
            "is_col_case_id": false,
            "is_col_timestamp": false,
            "is_col_outcome": false,
            "is_col_activity_id": false,
            "is_important": false,
            "_num_rows": 165680,
            "_num_traces": 4461,
            "uselessness": {
                "is_singular": false,
                "is_not_diverse_enough": false,
                "is_unique_to_case": false,
                "is_missing_too_many": false
            },
            "is_useless": false
        },
        "lifecycle:transition": {
            "name": "lifecycle:transition",
            "diversity": 1.810719459198455e-05,
            "dtype": "object",
            "missing_ratio": 0.0,
            "intracase_similarity": 0.0006724949562878502,
            "_num_unique": 3,
            "is_numeric": false,
            "is_binary": false,
            "is_categorical": true,
            "is_timestamp": false,
            "is_singular": false,
            "is_col_case_id": false,
            "is_col_timestamp": false,
            "is_col_outcome": false,
            "is_col_activity_id": false,
            "is_important": false,
            "_num_rows": 165680,
            "_num_traces": 4461,
            "uselessness": {
                "is_singular": false,
                "is_not_diverse_enough": false,
                "is_unique_to_case": false,
                "is_missing_too_many": false
            },
            "is_useless": false
        },
        "timesincemidnight": {
            "name": "timesincemidnight",
            "diversity": 0.006904876871076775,
            "dtype": "int64",
            "missing_ratio": 0.0,
            "intracase_similarity": 0.2564447433310917,
            "_num_unique": 1144,
            "is_numeric": true,
            "is_binary": false,
            "is_categorical": false,
            "is_timestamp": false,
            "is_singular": false,
            "is_col_case_id": false,
            "is_col_timestamp": false,
            "is_col_outcome": false,
            "is_col_activity_id": false,
            "is_important": false,
            "_num_rows": 165680,
            "_num_traces": 4461,
            "uselessness": {
                "is_singular": false,
                "is_not_diverse_enough": false,
                "is_unique_to_case": false,
                "is_missing_too_many": false
            },
            "is_useless": false
        },
        "timesincelastevent": {
            "name": "timesincelastevent",
            "diversity": 0.5875422501207146,
            "dtype": "float64",
            "missing_ratio": 0.0,
            "intracase_similarity": 0.04582716962524658,
            "_num_unique": 97344,
            "is_numeric": true,
            "is_binary": false,
            "is_categorical": false,
            "is_timestamp": false,