{
    "class_name": "OutcomeBPIC12Reader75",
    "num_cases": 4677,
    "min_seq_len": 12,
    "max_seq_len": 75,
    "ratio_distinct_traces": 0.00021381227282446012,
    "num_distinct_events": 23,
    "num_data_columns": 23,
    "num_event_features": 21,
    "length_distribution": {
        "18": 320,
        "26": 167,
        "37": 52,
        "16": 242,
        "43": 26,
        "21": 282,
        "40": 47,
        "35": 50,
        "28": 147,
        "13": 105,
        "24": 202,
        "17": 273,
        "56": 5,
        "23": 231,
        "19": 288,
        "22": 262,
        "14": 159,
        "25": 186,
        "20": 295,
        "36": 55,
        "62": 3,
        "27": 146,
        "15": 153,
        "29": 121,
        "49": 8,
        "30": 123,
        "75": 1,
        "34": 71,
        "38": 42,
        "67": 2,
        "41": 22,
        "12": 53,
        "32": 83,
        "39": 43,
        "47": 19,
        "31": 111,
        "42": 30,
        "33": 81,
        "52": 6,
        "46": 21,
        "45": 20,
        "44": 26,
        "58": 7,
        "70": 2,
        "65": 5,
        "53": 14,
        "63": 6,
        "50": 5,
        "66": 4,
        "48": 20,
        "64": 2,
        "55": 6,
        "51": 6,
        "57": 3,
        "59": 3,
        "69": 1,
        "73": 1,
        "61": 1,
        "71": 2,
        "60": 5,
        "54": 3,
        "68": 1,
        "72": 1
    },
    "outcome_distribution": {
        "deviant": 2241,
        "regular": 2436
    },
    "time": {
        "time_unit": "seconds",
        "preprocess": 1.1349985599517822,
        "register_vocabulary": 0.010999202728271484,
        "group_rows_into_traces": 0.3000466823577881,
        "gather_information_about_traces": 0.08096456527709961,
        "init_meta": 29.433050632476807,
        "viz_bpmn": 48.73054003715515,
        "viz_dfg": 2.234037399291992,
        "viz_simple_process_map": 1.5702183246612549
    },
    "starting_column_stats": {
        "case:concept:name": {
            "name": "case:concept:name",
            "diversity": 0.0409043204477873,
            "dtype": "int64",
            "missing_ratio": 0.0,
            "intracase_similarity": 1.0,
            "is_numeric": true,
            "is_binary": false,
            "is_categorical": false,
            "is_timestamp": false,
            "is_singular": false,
            "is_col_case_id": true,
            "is_col_timestamp": false,
            "is_col_outcome": false,
            "is_col_activity_id": false,
            "is_important": true,
            "_num_rows": 114340,
            "_num_traces": 4677,
            "_num_unique": 4677,
            "uselessness": {
                "is_singular": false,
                "is_not_diverse_enough": false,
                "is_unique_to_case": true,
                "is_missing_too_many": false
            },
            "is_useless": false
        },
        "concept:name": {
            "name": "concept:name",
            "diversity": 0.00020115445163547315,
            "dtype": "object",
            "missing_ratio": 0.0,
            "intracase_similarity": 0.004917682274962587,
            "is_numeric": false,
            "is_binary": false,
            "is_categorical": true,
            "is_timestamp": false,
            "is_singular": false,
            "is_col_case_id": false,
            "is_col_timestamp": false,
            "is_col_outcome": false,
            "is_col_activity_id": true,
            "is_important": true,
            "_num_rows": 114340,
            "_num_traces": 4677,
            "_num_unique": 23,
            "uselessness": {
                "is_singular": false,
                "is_not_diverse_enough": false,
                "is_unique_to_case": false,
                "is_missing_too_many": false
            },
            "is_useless": false
        },
        "Resource": {
            "name": "Resource",
            "diversity": 0.0005509882805667308,
            "dtype": "object",
            "missing_ratio": 0.0,
            "intracase_similarity": 0.01347017318794097,
            "is_numeric": false,
            "is_binary": false,
            "is_categorical": true,
            "is_timestamp": false,
            "is_singular": false,
            "is_col_case_id": false,
            "is_col_timestamp": false,
            "is_col_outcome": false,
            "is_col_activity_id": false,
            "is_important": false,
            "_num_rows": 114340,
            "_num_traces": 4677,
            "_num_unique": 63,
            "uselessness": {
                "is_singular": false,
                "is_not_diverse_enough": false,
                "is_unique_to_case": false,
                "is_missing_too_many": false
            },
            "is_useless": false
        },
        "lifecycle:transition": {
            "name": "lifecycle:transition",
            "diversity": 0,
            "dtype": "object",
            "missing_ratio": 0.0,
            "intracase_similarity": 0.00021381227282446513,
            "is_numeric": false,
            "is_binary": false,
            "is_categorical": false,
            "is_timestamp": false,
            "is_singular": true,
            "is_col_case_id": false,
            "is_col_timestamp": false,
            "is_col_outcome": false,
            "is_col_activity_id": false,
            "is_important": false,
            "_num_rows": 114340,
            "_num_traces": 4677,
            "_num_unique": 1,
            "uselessness": {
                "is_singular": true,
                "is_not_diverse_enough": true,
                "is_unique_to_case": false,
                "is_missing_too_many": false
            },
            "is_useless": true
        },
        "time:timestamp": {
            "name": "time:timestamp",
            "diversity": 0.8818261325870211,
            "dtype": "datetime64[ns, UTC]",
            "missing_ratio": 0.0,
            "intracase_similarity": 0.04638592454476931,
            "is_numeric": false,
            "is_binary": false,
            "is_categorical": false,
            "is_timestamp": true,
            "is_singular": false,
            "is_col_case_id": false,
            "is_col_timestamp": true,
            "is_col_outcome": false,
            "is_col_activity_id": false,
            "is_important": true,
            "_num_rows": 114340,
            "_num_traces": 4677,
            "_num_unique": 100828,
            "uselessness": {
                "is_singular": false,
                "is_not_diverse_enough": false,
                "is_unique_to_case": false,
                "is_missing_too_many": false
            },
            "is_useless": false
        },
        "AMOUNT_REQ": {
            "name": "AMOUNT_REQ",
            "diversity": 0.0026674829456008395,
            "dtype": "int64",
            "missing_ratio": 0.0,
            "intracase_similarity": 0.06521274321146031,
            "is_numeric": true,
            "is_binary": false,
            "is_categorical": false,
            "is_timestamp": false,
            "is_singular": false,
            "is_col_case_id": false,
            "is_col_timestamp": false,
            "is_col_outcome": false,
            "is_col_activity_id": false,
            "is_important": false,
            "_num_rows": 114340,
            "_num_traces": 4677,
            "_num_unique": 305,
            "uselessness": {
                "is_singular": false,
                "is_not_diverse_enough": false,
                "is_unique_to_case": false,
                "is_missing_too_many": false
            },
            "is_useless": false
        },
        "timesincemidnight": {
            "name": "timesincemidnight",
            "diversity": 0.00995277243309428,
            "dtype": "int64",
            "missing_ratio": 0.0,
            "intracase_similarity": 0.24331836647423566,
            "is_numeric": true,
            "is_binary": false,
            "is_categorical": false,