{
    "class_name": "OutcomeBPIC12Reader50",
    "num_cases": 4587,
    "min_seq_len": 12,
    "max_seq_len": 50,
    "ratio_distinct_traces": 0.00021800741225201656,
    "num_distinct_events": 23,
    "num_data_columns": 23,
    "num_event_features": 21,
    "length_distribution": {
        "18": 320,
        "26": 167,
        "37": 52,
        "16": 242,
        "43": 26,
        "21": 282,
        "40": 47,
        "35": 50,
        "28": 147,
        "13": 105,
        "24": 202,
        "17": 273,
        "23": 231,
        "19": 288,
        "22": 262,
        "14": 159,
        "25": 186,
        "20": 295,
        "36": 55,
        "27": 146,
        "15": 153,
        "29": 121,
        "49": 8,
        "30": 123,
        "34": 71,
        "38": 42,
        "41": 22,
        "12": 53,
        "32": 83,
        "39": 43,
        "47": 19,
        "31": 111,
        "42": 30,
        "33": 81,
        "46": 21,
        "45": 20,
        "44": 26,
        "50": 5,
        "48": 20
    },
    "outcome_distribution": {
        "deviant": 2182,
        "regular": 2405
    },
    "time": {
        "time_unit": "seconds",
        "preprocess": 1.24155855178833,
        "register_vocabulary": 0.017000198364257812,
        "group_rows_into_traces": 0.3500027656555176,
        "gather_information_about_traces": 0.08099770545959473,
        "init_meta": 3.225074052810669,
        "viz_bpmn": 61.43913292884827,
        "viz_dfg": 2.5899014472961426,
        "viz_simple_process_map": 1.9050006866455078
    },
    "starting_column_stats": {
        "case:concept:name": {
            "name": "case:concept:name",
            "diversity": 0.04206751712689955,
            "dtype": "int64",
            "missing_ratio": 0.0,
            "intracase_similarity": 1.0,
            "is_numeric": true,
            "is_binary": false,
            "is_categorical": false,
            "is_timestamp": false,
            "is_singular": false,
            "is_col_case_id": true,
            "is_col_timestamp": false,
            "is_col_outcome": false,
            "is_col_activity_id": false,
            "is_important": true,
            "_num_rows": 109039,
            "_num_traces": 4587,
            "_num_unique": 4587,
            "uselessness": {
                "is_singular": false,
                "is_not_diverse_enough": false,
                "is_unique_to_case": true,
                "is_missing_too_many": false
            },
            "is_useless": false
        },
        "concept:name": {
            "name": "concept:name",
            "diversity": 0.00021093370262016342,
            "dtype": "object",
            "missing_ratio": 0.0,
            "intracase_similarity": 0.0050141704817964206,
            "is_numeric": false,
            "is_binary": false,
            "is_categorical": true,
            "is_timestamp": false,
            "is_singular": false,
            "is_col_case_id": false,
            "is_col_timestamp": false,
            "is_col_outcome": false,
            "is_col_activity_id": true,
            "is_important": true,
            "_num_rows": 109039,
            "_num_traces": 4587,
            "_num_unique": 23,
            "uselessness": {
                "is_singular": false,
                "is_not_diverse_enough": false,
                "is_unique_to_case": false,
                "is_missing_too_many": false
            },
            "is_useless": false
        },
        "Resource": {
            "name": "Resource",
            "diversity": 0.0005777749245682737,
            "dtype": "object",
            "missing_ratio": 0.0,
            "intracase_similarity": 0.01373446697187708,
            "is_numeric": false,
            "is_binary": false,
            "is_categorical": true,
            "is_timestamp": false,
            "is_singular": false,
            "is_col_case_id": false,
            "is_col_timestamp": false,
            "is_col_outcome": false,
            "is_col_activity_id": false,
            "is_important": false,
            "_num_rows": 109039,
            "_num_traces": 4587,
            "_num_unique": 63,
            "uselessness": {
                "is_singular": false,
                "is_not_diverse_enough": false,
                "is_unique_to_case": false,
                "is_missing_too_many": false
            },
            "is_useless": false
        },
        "lifecycle:transition": {
            "name": "lifecycle:transition",
            "diversity": 0,
            "dtype": "object",
            "missing_ratio": 0.0,
            "intracase_similarity": 0.00021800741225197484,
            "is_numeric": false,
            "is_binary": false,
            "is_categorical": false,
            "is_timestamp": false,
            "is_singular": true,
            "is_col_case_id": false,
            "is_col_timestamp": false,
            "is_col_outcome": false,
            "is_col_activity_id": false,
            "is_important": false,
            "_num_rows": 109039,
            "_num_traces": 4587,
            "_num_unique": 1,
            "uselessness": {
                "is_singular": true,
                "is_not_diverse_enough": true,
                "is_unique_to_case": false,
                "is_missing_too_many": false
            },
            "is_useless": true
        },
        "time:timestamp": {
            "name": "time:timestamp",
            "diversity": 0.8799695521785783,
            "dtype": "datetime64[ns, UTC]",
            "missing_ratio": 0.0,
            "intracase_similarity": 0.04780565080092969,
            "is_numeric": false,
            "is_binary": false,
            "is_categorical": false,
            "is_timestamp": true,
            "is_singular": false,
            "is_col_case_id": false,
            "is_col_timestamp": true,
            "is_col_outcome": false,
            "is_col_activity_id": false,
            "is_important": true,
            "_num_rows": 109039,
            "_num_traces": 4587,
            "_num_unique": 95951,
            "uselessness": {
                "is_singular": false,
                "is_not_diverse_enough": false,
                "is_unique_to_case": false,
                "is_missing_too_many": false
            },
            "is_useless": false
        },
        "AMOUNT_REQ": {
            "name": "AMOUNT_REQ",
            "diversity": 0.0027696512257082326,
            "dtype": "int64",
            "missing_ratio": 0.0,
            "intracase_similarity": 0.06583823850010906,
            "is_numeric": true,
            "is_binary": false,
            "is_categorical": false,
            "is_timestamp": false,
            "is_singular": false,
            "is_col_case_id": false,
            "is_col_timestamp": false,
            "is_col_outcome": false,
            "is_col_activity_id": false,
            "is_important": false,
            "_num_rows": 109039,
            "_num_traces": 4587,
            "_num_unique": 302,
            "uselessness": {
                "is_singular": false,
                "is_not_diverse_enough": false,
                "is_unique_to_case": false,
                "is_missing_too_many": false
            },
            "is_useless": false
        },
        "timesincemidnight": {
            "name": "timesincemidnight",
            "diversity": 0.010390777611680224,
            "dtype": "int64",
            "missing_ratio": 0.0,
            "intracase_similarity": 0.2470023980815348,
            "is_numeric": true,
            "is_binary": false,
            "is_categorical": false,
            "is_timestamp": false,
            "is_singular": false,
            "is_col_case_id": false,
            "is_col_timestamp": false,
            "is_col_outcome": false,
            "is_col_activity_id": false,
            "is_important": false,
            "_num_rows": 109039,
            "_num_traces": 4587,
            "_num_unique": 1133,