model,iteration,iteration.time,NA,num_cycle,num_offspring,avg_offspring_fitness,avg_zeros,num_survivors,avg_survivors_fitness,median_survivors_fitness,max_survivors_fitness,model.hparams.topk,model.hparams.sample_size,model.hparams.mrate.0,model.hparams.mrate.1,model.hparams.mrate.2,model.hparams.mrate.3,model.hparams.mrate.4,mutsum.DELETE,mutsum.INSERT,mutsum.CHANGE,mutsum.SWAP,mutsum.NONE
1,1,0:00:04.910476,1,0,100,-0.22194676397124663,0.035555555555555556,25,0.2912759791802976,0.413932065252572,0.5230241321952053,50,250,0.01,0.3,0.3,0.3,0.09000000000000008,2,32,35,28,3
1,1,0:00:04.910476,2,1,100,-0.1455980497075186,0.023703703703703703,25,0.4235521502326583,0.4651367088969467,0.5367667075602142,50,250,0.01,0.3,0.3,0.3,0.09000000000000008,1,31,31,27,10
1,2,0:00:05.038112,1,0,100,0.05278692330732362,0.034074074074074076,25,0.6086662688661062,0.6342250836212531,0.7300559993370035,50,250,0.01,0.3,0.3,0.3,0.09000000000000008,2,34,32,30,2
1,2,0:00:05.038112,2,1,100,0.007585547182264955,0.039999999999999994,25,0.6204338688505203,0.6431603914455242,0.738066719814892,50,250,0.01,0.3,0.3,0.3,0.09000000000000008,0,30,33,31,6
1,3,0:00:05.060192,1,0,100,-0.021217734162497826,0.023703703703703703,25,0.5641078951849141,0.6019693422218025,0.7070755260931711,50,250,0.01,0.3,0.3,0.3,0.09000000000000008,1,30,35,26,8
1,3,0:00:05.060192,2,1,100,-0.05348845664692955,0.03259259259259259,25,0.5070642516771682,0.49525690533906397,0.6745126878183129,50,250,0.01,0.3,0.3,0.3,0.09000000000000008,0,28,31,34,7
