{
    "class_name": "OutcomeBPIC12ReaderFull",
    "num_cases": 4685,
    "min_seq_len": 12,
    "max_seq_len": 96,
    "ratio_distinct_traces": 0.00021344717182497332,
    "num_distinct_events": 23,
    "num_data_columns": 23,
    "num_event_features": 21,
    "length_distribution": {
        "18": 320,
        "26": 167,
        "37": 52,
        "16": 242,
        "43": 26,
        "21": 282,
        "40": 47,
        "35": 50,
        "28": 147,
        "13": 105,
        "24": 202,
        "17": 273,
        "56": 5,
        "23": 231,
        "19": 288,
        "22": 262,
        "14": 159,
        "25": 186,
        "20": 295,
        "36": 55,
        "62": 3,
        "27": 146,
        "15": 153,
        "29": 121,
        "49": 8,
        "30": 123,
        "75": 1,
        "34": 71,
        "38": 42,
        "67": 2,
        "41": 22,
        "12": 53,
        "32": 83,
        "39": 43,
        "47": 19,
        "31": 111,
        "42": 30,
        "33": 81,
        "52": 6,
        "46": 21,
        "45": 20,
        "44": 26,
        "58": 7,
        "70": 2,
        "65": 5,
        "53": 14,
        "63": 6,
        "50": 5,
        "66": 4,
        "48": 20,
        "64": 2,
        "55": 6,
        "84": 1,
        "51": 6,
        "57": 3,
        "59": 3,
        "69": 1,
        "85": 1,
        "73": 1,
        "96": 1,
        "61": 1,
        "71": 2,
        "77": 1,
        "60": 5,
        "54": 3,
        "82": 3,
        "88": 1,
        "68": 1,
        "72": 1
    },
    "outcome_distribution": {
        "deviant": 2243,
        "regular": 2442
    },
    "time": {
        "time_unit": "seconds",
        "preprocess": 1.1327059268951416,
        "register_vocabulary": 0.01000213623046875,
        "group_rows_into_traces": 0.520806074142456,
        "gather_information_about_traces": 0.07802653312683105,
        "init_meta": 3.0728671550750732
    },
    "starting_column_stats": {
        "concept:name": {
            "name": "concept:name",
            "diversity": 0.0001999721777839605,
            "dtype": "object",
            "missing_ratio": 0.0,
            "intracase_similarity": 0.004909284951974402,
            "is_numeric": false,
            "is_binary": false,
            "is_categorical": true,
            "is_timestamp": false,
            "is_singular": false,
            "is_col_case_id": false,
            "is_col_timestamp": false,
            "is_col_outcome": false,
            "is_col_activity_id": true,
            "is_important": true,
            "_num_rows": 115016,
            "_num_traces": 4685,
            "_num_unique": 23,
            "uselessness": {
                "is_singular": false,
                "is_not_diverse_enough": false,
                "is_unique_to_case": false,
                "is_missing_too_many": false
            },
            "is_useless": false
        },
        "Resource": {
            "name": "Resource",
            "diversity": 0.0005477498782778048,
            "dtype": "object",
            "missing_ratio": 0.0,
            "intracase_similarity": 0.013447171824973347,
            "is_numeric": false,
            "is_binary": false,
            "is_categorical": true,
            "is_timestamp": false,
            "is_singular": false,
            "is_col_case_id": false,
            "is_col_timestamp": false,
            "is_col_outcome": false,
            "is_col_activity_id": false,
            "is_important": false,
            "_num_rows": 115016,
            "_num_traces": 4685,
            "_num_unique": 63,
            "uselessness": {
                "is_singular": false,
                "is_not_diverse_enough": false,
                "is_unique_to_case": false,
                "is_missing_too_many": false
            },
            "is_useless": false
        },
        "lifecycle:transition": {
            "name": "lifecycle:transition",
            "diversity": 0,
            "dtype": "object",
            "missing_ratio": 0.0,
            "intracase_similarity": 0.0002134471718249209,
            "is_numeric": false,
            "is_binary": false,
            "is_categorical": false,
            "is_timestamp": false,
            "is_singular": true,
            "is_col_case_id": false,
            "is_col_timestamp": false,
            "is_col_outcome": false,
            "is_col_activity_id": false,
            "is_important": false,
            "_num_rows": 115016,
            "_num_traces": 4685,
            "_num_unique": 1,
            "uselessness": {
                "is_singular": true,
                "is_not_diverse_enough": true,
                "is_unique_to_case": false,
                "is_missing_too_many": false
            },
            "is_useless": true
        },
        "time:timestamp": {
            "name": "time:timestamp",
            "diversity": 0.8823207205953955,
            "dtype": "datetime64[ns, UTC]",
            "missing_ratio": 0.0,
            "intracase_similarity": 0.04616627743124324,
            "is_numeric": false,
            "is_binary": false,
            "is_categorical": false,
            "is_timestamp": true,
            "is_singular": false,
            "is_col_case_id": false,
            "is_col_timestamp": true,
            "is_col_outcome": false,
            "is_col_activity_id": false,
            "is_important": true,
            "_num_rows": 115016,
            "_num_traces": 4685,
            "_num_unique": 101481,
            "uselessness": {
                "is_singular": false,
                "is_not_diverse_enough": false,
                "is_unique_to_case": false,
                "is_missing_too_many": false
            },
            "is_useless": false
        },
        "AMOUNT_REQ": {
            "name": "AMOUNT_REQ",
            "diversity": 0.002651804966265563,
            "dtype": "int64",
            "missing_ratio": 0.0,
            "intracase_similarity": 0.06510138740661686,
            "is_numeric": true,
            "is_binary": false,
            "is_categorical": false,
            "is_timestamp": false,
            "is_singular": false,
            "is_col_case_id": false,
            "is_col_timestamp": false,
            "is_col_outcome": false,
            "is_col_activity_id": false,
            "is_important": false,
            "_num_rows": 115016,
            "_num_traces": 4685,
            "_num_unique": 305,
            "uselessness": {
                "is_singular": false,
                "is_not_diverse_enough": false,
                "is_unique_to_case": false,
                "is_missing_too_many": false
            },
            "is_useless": false
        },
        "timesincemidnight": {
            "name": "timesincemidnight",
            "diversity": 0.009894275579049872,
            "dtype": "int64",
            "missing_ratio": 0.0,
            "intracase_similarity": 0.2429028815368196,
            "is_numeric": true,
            "is_binary": false,
            "is_categorical": false,
            "is_timestamp": false,
            "is_singular": false,
            "is_col_case_id": false,
            "is_col_timestamp": false,
            "is_col_outcome": false,
            "is_col_activity_id": false,
            "is_important": false,
            "_num_rows": 115016,
            "_num_traces": 4685,
            "_num_unique": 1138,
            "uselessness": {
                "is_singular": false,
                "is_not_diverse_enough": false,
                "is_unique_to_case": false,
                "is_missing_too_many": false
            },
            "is_useless": false
        },
        "timesincelastevent": {
            "name": "timesincelastevent",
            "diversity": 0.5063643319190374,
            "dtype": "float64",
            "missing_ratio": 0.0,
            "intracase_similarity": 0.08044299450549453,
            "is_numeric": true,
            "is_binary": false,
            "is_categorical": false,