{
    "class_name": "OutcomeBPIC12Reader100",
    "num_cases": 4628,
    "min_seq_len": 15,
    "max_seq_len": 100,
    "ratio_distinct_traces": 0.000216076058772688,
    "num_distinct_events": 36,
    "num_data_columns": 25,
    "num_event_features": 23,
    "length_distribution": {
        "26": 213,
        "39": 104,
        "59": 30,
        "24": 214,
        "77": 12,
        "35": 126,
        "76": 15,
        "55": 41,
        "48": 73,
        "19": 20,
        "38": 131,
        "28": 203,
        "36": 114,
        "20": 125,
        "41": 92,
        "29": 103,
        "30": 173,
        "21": 36,
        "61": 31,
        "27": 104,
        "46": 83,
        "89": 2,
        "18": 89,
        "25": 97,
        "40": 103,
        "32": 159,
        "22": 178,
        "64": 29,
        "60": 43,
        "50": 77,
        "42": 105,
        "31": 146,
        "47": 64,
        "52": 46,
        "43": 81,
        "72": 15,
        "68": 18,
        "16": 52,
        "34": 148,
        "37": 105,
        "53": 40,
        "70": 24,
        "69": 25,
        "90": 7,
        "45": 79,
        "51": 50,
        "49": 63,
        "73": 12,
        "75": 12,
        "74": 18,
        "23": 51,
        "56": 47,
        "92": 4,
        "33": 127,
        "88": 5,
        "57": 45,
        "44": 86,
        "66": 24,
        "71": 16,
        "82": 14,
        "58": 36,
        "78": 16,
        "83": 3,
        "62": 25,
        "80": 11,
        "67": 15,
        "91": 5,
        "54": 58,
        "86": 12,
        "96": 2,
        "81": 10,
        "79": 8,
        "84": 10,
        "95": 3,
        "65": 12,
        "17": 3,
        "87": 4,
        "97": 4,
        "63": 21,
        "100": 3,
        "99": 3,
        "93": 3,
        "98": 2,
        "15": 1,
        "85": 6,
        "94": 3
    },
    "outcome_distribution": {
        "deviant": 2208,
        "regular": 2420
    },
    "time": {
        "time_unit": "seconds",
        "preprocess": 1.560603380203247,
        "register_vocabulary": 0.016051054000854492,
        "group_rows_into_traces": 0.3741164207458496,
        "gather_information_about_traces": 0.09205222129821777,
        "instantiate_dataset": 0.925053596496582,
        "init_meta": 3.3502309322357178
    },
    "starting_column_stats": {
        "case:concept:name": {
            "name": "case:concept:name",
            "diversity": 0.025749592446489476,
            "dtype": "int64",
            "missing_ratio": 0.0,
            "intracase_similarity": 1.0,
            "is_numeric": true,
            "is_binary": false,
            "is_categorical": false,
            "is_timestamp": false,
            "is_singular": false,
            "is_col_case_id": true,
            "is_col_timestamp": false,
            "is_col_outcome": false,
            "is_col_activity_id": false,
            "is_important": true,
            "_num_rows": 179731,
            "_num_traces": 4628,
            "_num_unique": 4628,
            "uselessness": {
                "is_singular": false,
                "is_not_diverse_enough": false,
                "is_unique_to_case": true,
                "is_missing_too_many": false
            },
            "is_useless": false
        },
        "AMOUNT_REQ": {
            "name": "AMOUNT_REQ",
            "diversity": 0.0016802888761538075,
            "dtype": "int64",
            "missing_ratio": 0.0,
            "intracase_similarity": 0.06525496974935174,
            "is_numeric": true,
            "is_binary": false,
            "is_categorical": false,
            "is_timestamp": false,
            "is_singular": false,
            "is_col_case_id": false,
            "is_col_timestamp": false,
            "is_col_outcome": false,
            "is_col_activity_id": false,
            "is_important": false,
            "_num_rows": 179731,
            "_num_traces": 4628,
            "_num_unique": 302,
            "uselessness": {
                "is_singular": false,
                "is_not_diverse_enough": false,
                "is_unique_to_case": false,
                "is_missing_too_many": false
            },
            "is_useless": false
        },
        "concept:name": {
            "name": "concept:name",
            "diversity": 0.00020029933623025523,
            "dtype": "object",
            "missing_ratio": 0.0,
            "intracase_similarity": 0.007778738115816752,
            "is_numeric": false,
            "is_binary": false,
            "is_categorical": true,
            "is_timestamp": false,
            "is_singular": false,
            "is_col_case_id": false,
            "is_col_timestamp": false,
            "is_col_outcome": false,
            "is_col_activity_id": true,
            "is_important": true,
            "_num_rows": 179731,
            "_num_traces": 4628,
            "_num_unique": 36,
            "uselessness": {
                "is_singular": false,
                "is_not_diverse_enough": false,
                "is_unique_to_case": false,
                "is_missing_too_many": false
            },
            "is_useless": false
        },
        "Resource": {
            "name": "Resource",
            "diversity": 0.0003505238384029466,
            "dtype": "object",
            "missing_ratio": 0.0,
            "intracase_similarity": 0.013612791702679372,
            "is_numeric": false,
            "is_binary": false,
            "is_categorical": true,
            "is_timestamp": false,
            "is_singular": false,
            "is_col_case_id": false,
            "is_col_timestamp": false,
            "is_col_outcome": false,
            "is_col_activity_id": false,
            "is_important": false,
            "_num_rows": 179731,
            "_num_traces": 4628,
            "_num_unique": 63,
            "uselessness": {
                "is_singular": false,
                "is_not_diverse_enough": false,
                "is_unique_to_case": false,
                "is_missing_too_many": false
            },
            "is_useless": false
        },
        "lifecycle:transition": {
            "name": "lifecycle:transition",
            "diversity": 1.6691611352521267e-05,
            "dtype": "object",
            "missing_ratio": 0.0,
            "intracase_similarity": 0.0006482281763180442,
            "is_numeric": false,
            "is_binary": false,
            "is_categorical": true,
            "is_timestamp": false,
            "is_singular": false,
            "is_col_case_id": false,
            "is_col_timestamp": false,
            "is_col_outcome": false,
            "is_col_activity_id": false,
            "is_important": false,
            "_num_rows": 179731,
            "_num_traces": 4628,
            "_num_unique": 3,
            "uselessness": {
                "is_singular": false,
                "is_not_diverse_enough": false,
                "is_unique_to_case": false,
                "is_missing_too_many": false
            },
            "is_useless": false
        },
        "timesincemidnight": {
            "name": "timesincemidnight",
            "diversity": 0.006398451018466486,
            "dtype": "int64",
            "missing_ratio": 0.0,
            "intracase_similarity": 0.2484874675885912,
            "is_numeric": true,
            "is_binary": false,
            "is_categorical": false,
            "is_timestamp": false,
            "is_singular": false,
            "is_col_case_id": false,
            "is_col_timestamp": false,
            "is_col_outcome": false,
            "is_col_activity_id": false,
            "is_important": false,
            "_num_rows": 179731,
            "_num_traces": 4628,
            "_num_unique": 1150,
            "uselessness": {
                "is_singular": false,
                "is_not_diverse_enough": false,
                "is_unique_to_case": false,
                "is_missing_too_many": false
            },